"Time  [h]","Concentration  [mg/l]","Error  [ng/ml]"
3,0.2758694,NaN
6,0.1432007,51.98267
8,0.09110864,26.96852
22,0.03680508,32.31966
30,0.01287705,19.77142
